id,root_word_phrase,variants,often_combined_with,severity,context_why_avoid,synonyms,synonyms_that_rhyme,synonyms_same_syllables,frequency_score,weighted_score,phrase_type,analysis_source
1000,find way,a find way | find waies | the find way | find way | find's way,can't | peace | strength | love | light,CRITICAL,"Extremely overused phrase appearing 10854 times in dataset. Creates predictable, generic lyrics.",find out | recover | rule | find oneself | uncovering | path | means | agency,day | say | play | stay,,10854,10854,bigram,automated_detection
1001,feel like,feel's like | feel like | the feel like | a feel like | feel likes,can't | right | everything | heart | moment,CRITICAL,"Extremely overused phrase appearing 8721 times in dataset. Creates predictable, generic lyrics.",flavor | palpate | find | feeling | spirit | alike | corresponding | the like,,,8721,8721,bigram,automated_detection
1002,let go,let gos | let go | let's go | the let go | a let go,can't | love | letting | never | let's,CRITICAL,"Extremely overused phrase appearing 8242 times in dataset. Creates predictable, generic lyrics.",permit | allow | countenance | lease | get | travel | run | croak,,,8242,8242,bigram,automated_detection
1003,every step,every step | the every step | every steps | every's step | a every step,move | scar | touch | feel | night,CRITICAL,"Extremely overused phrase appearing 6021 times in dataset. Creates predictable, generic lyrics.",ill-use | mistreat | maltreat | tread | measure,,,6021,6021,bigram,automated_detection
1004,can't see,a can't see | can't sees | the can't see | can't's see | can't see,free | way | feel | light | face,CRITICAL,"Extremely overused phrase appearing 5315 times in dataset. Creates predictable, generic lyrics.",insure | pick up | take in | find out | control,,,5315,5315,bigram,automated_detection
1005,every tear,every tear | every's tear | the every tear | every tears | a every tear,move | scar | touch | feel | light,CRITICAL,"Extremely overused phrase appearing 2826 times in dataset. Creates predictable, generic lyrics.",split | bout | charge | binge | rip,,,2826,4239,bigram,automated_detection
1006,hold tight,a hold tight | the hold tight | hold's tight | hold tight | hold tights,close | hand | holding,CRITICAL,"Extremely overused phrase appearing 4089 times in dataset. Creates predictable, generic lyrics.",take for | appreciation | grip | cargo hold | control | sloshed | pixilated | mean,,,4089,4089,bigram,automated_detection
1007,every moment,every's moment | a every moment | every moments | the every moment | every moment,move | scar | touch | feel | night,CRITICAL,"Extremely overused phrase appearing 3966 times in dataset. Creates predictable, generic lyrics.",present moment | instant | here and now | import | minute,,,3966,3966,bigram,automated_detection
1008,stand tall,the stand tall | a stand tall | stand tall | stand's tall | stand talls,alone | together | standing | ground,CRITICAL,"Extremely overused phrase appearing 3676 times in dataset. Creates predictable, generic lyrics.",fend | remain firm | pedestal | endure | tie-up | marvelous | improbable | grandiloquent,,,3676,3676,bigram,automated_detection
1009,break free,the break free | break's free | break free | a break free | break frees,can't | wild | chain | breaking | away,CRITICAL,"Extremely overused phrase appearing 3380 times in dataset. Creates predictable, generic lyrics.",get around | gaolbreak | let out | geological fault | break in | disembarrass | relieve | liberal,,,3380,3380,bigram,automated_detection
1010,find peace,find's peace | the find peace | a find peace | find peaces | find peace,can't | love | strength | way | light,CRITICAL,"Extremely overused phrase appearing 3094 times in dataset. Creates predictable, generic lyrics.",find out | recover | rule | find oneself | uncovering | peace of mind | public security | heartsease,,,3094,3094,bigram,automated_detection
1011,trying find,a trying find | the trying find | trying find | trying finds | trying's find,can't | peace | strength | love | way,CRITICAL,"Extremely overused phrase appearing 3047 times in dataset. Creates predictable, generic lyrics.",test | assay | render | examine | try out | find out | recover | rule,,,3047,3047,bigram,automated_detection
1012,breaking free,breaking free | the breaking free | breaking's free | breaking frees | a breaking free,can't | wild | chain | break | set,CRITICAL,"Extremely overused phrase appearing 3010 times in dataset. Creates predictable, generic lyrics.",relegate | get around | split | dampen | break out | disembarrass | relieve | liberal,,,3010,3010,bigram,automated_detection
1013,can't escape,the can't escape | can't escape | a can't escape | can't's escape | can't escapes,free | love | find | way | feel,CRITICAL,"Extremely overused phrase appearing 3002 times in dataset. Creates predictable, generic lyrics.",evasion | run | scarper | relief valve | head for the hills,,,3002,3002,bigram,automated_detection
1014,fade away,fade away | fade awaies | fade's away | the fade away | a fade away,never | far | break | walk | slip,CRITICAL,"Extremely overused phrase appearing 3711 times in dataset. Creates predictable, generic lyrics.",fleet | blow over | evanesce | pass off | slice | forth | out | aside,,,3711,2968.8,bigram,automated_detection
1015,set free,the set free | set frees | a set free | set's free | set free,can't | wild | chain | break | breaking,CRITICAL,"Extremely overused phrase appearing 2907 times in dataset. Creates predictable, generic lyrics.",correct | do | fixed | position | lay | disembarrass | relieve | liberal,,,2907,2907,bigram,automated_detection
1016,can't find,the can't find | a can't find | can't find | can't finds | can't's find,free | strength | way | feel | light,CRITICAL,"Extremely overused phrase appearing 2890 times in dataset. Creates predictable, generic lyrics.",find out | recover | rule | find oneself | uncovering,,,2890,2890,bigram,automated_detection
1017,every day,the every day | a every day | every's day | every daies | every day,move | scar | touch | feel | night,CRITICAL,"Extremely overused phrase appearing 3519 times in dataset. Creates predictable, generic lyrics.",solar day | Day | Clarence Shepard Day Jr. | 24-hour interval | twenty-four hours,,,3519,2815.2,bigram,automated_detection
1018,step take,step take | step's take | a step take | step takes | the step take,back | every | feel | flight | breath,CRITICAL,"Extremely overused phrase appearing 2751 times in dataset. Creates predictable, generic lyrics.",ill-use | mistreat | maltreat | tread | measure | payoff | engage | take in,,,2751,2751,bigram,automated_detection
1019,broken heart,the broken heart | broken heart | broken's heart | broken hearts | a broken heart,still | dream | beat | feel,CRITICAL,"Extremely overused phrase appearing 1744 times in dataset. Creates predictable, generic lyrics.",get around | let out | break in | crack | violate | sum | nub | inwardness,part | start | art | smart,,1744,2616,bigram,automated_detection
1020,deep inside,deep inside | deep insides | a deep inside | deep's inside | the deep inside,cut | within,CRITICAL,"Extremely overused phrase appearing 2588 times in dataset. Creates predictable, generic lyrics.",mystifying | inscrutable | abstruse | late | recondite | privileged | inwardly | in spite of appearance,,,2588,2588,bigram,automated_detection
1021,find strength,the find strength | a find strength | find strength | find's strength | find strengths,can't | peace | love | way | light,CRITICAL,"Extremely overused phrase appearing 2562 times in dataset. Creates predictable, generic lyrics.",find out | recover | rule | find oneself | uncovering | military strength | forte | potency,,,2562,2562,bigram,automated_detection
1022,every breath,the every breath | a every breath | every breath | every breaths | every's breath,move | scar | touch | feel | light,CRITICAL,"Extremely overused phrase appearing 2549 times in dataset. Creates predictable, generic lyrics.",breathing time | breather | hint | breathing space | breathing place,,,2549,2549,bigram,automated_detection
1023,break chain,break chain | a break chain | break chains | the break chain | break's chain,free | can't | breaking | away,CRITICAL,"Extremely overused phrase appearing 2539 times in dataset. Creates predictable, generic lyrics.",get around | gaolbreak | let out | geological fault | break in | Ernst Boris Chain | concatenation | Sir Ernst Boris Chain,,,2539,2539,bigram,automated_detection
1024,feel right,a feel right | feel's right | feel right | the feel right | feel rights,can't | love | every | everything | still,CRITICAL,"Extremely overused phrase appearing 2528 times in dataset. Creates predictable, generic lyrics.",flavor | palpate | find | feeling | spirit | right field | correct | rightfulness,,,2528,2528,bigram,automated_detection
1025,ooh ooh,a ooh ooh | ooh oohs | ooh ooh | the ooh ooh | ooh's ooh,,CRITICAL,"Extremely overused phrase appearing 2503 times in dataset. Creates predictable, generic lyrics.",aah | aah,,,2503,2503,bigram,automated_detection
1026,heart beat,heart's beat | heart beats | the heart beat | a heart beat | heart beat,broken | every | feel | still,CRITICAL,"Extremely overused phrase appearing 1652 times in dataset. Creates predictable, generic lyrics.",sum | nub | inwardness | marrow | warmheartedness | bushed | round | mystify,part | start | art | smart,,1652,2478,bigram,automated_detection
1027,every time,a every time | every times | every's time | the every time | every time,move | scar | touch | feel | night,CRITICAL,"Extremely overused phrase appearing 2469 times in dataset. Creates predictable, generic lyrics.",sentence | fourth dimension | prison term | meter | clock,rhyme | climb | prime | sublime,,2469,2469,bigram,automated_detection
1028,every word,a every word | every's word | every words | the every word | every word,move | scar | touch | feel | night,CRITICAL,"Extremely overused phrase appearing 2468 times in dataset. Creates predictable, generic lyrics.",word of honor | watchword | Scripture | Bible | phrase,,,2468,2468,bigram,automated_detection
1200,every step take,a every step take | every step take | the every step take | every's step take,move | scar | touch | feel | night,CRITICAL,"Extremely overused phrase appearing 2465 times in dataset. Creates predictable, generic lyrics.",,,,2465,2465,trigram,automated_detection
1029,every night,every night | the every night | a every night | every nights | every's night,move | scar | touch | feel | light,CRITICAL,"Extremely overused phrase appearing 3021 times in dataset. Creates predictable, generic lyrics.",Nox | Night | nighttime | dark,light | bright | sight | fight | right,,3021,2416.8,bigram,automated_detection
1030,hand hand,hand hands | hand hand | hand's hand | the hand hand | a hand hand,take | hold,CRITICAL,"Extremely overused phrase appearing 2347 times in dataset. Creates predictable, generic lyrics.",pass on | reach | deal | turn over | give | pass on | reach | deal,,,2347,2347,bigram,automated_detection
1031,living life,living lifes | living's life | the living life | a living life | living life,like | dream | moment | edge,CRITICAL,"Extremely overused phrase appearing 2313 times in dataset. Creates predictable, generic lyrics.",animation | sustenance | keep | live | endure | aliveness | animation | lifespan,,,2313,2313,bigram,automated_detection
1032,high low,high low | the high low | a high low | high lows | high's low,,CRITICAL,"Extremely overused phrase appearing 2296 times in dataset. Creates predictable, generic lyrics.",heights | senior high school | highschool | high gear | luxuriously | downhearted | miserable | modest,,,2296,2296,bigram,automated_detection
1033,hold close,a hold close | hold close | hold's close | the hold close | hold closes,tight | eye | hand,CRITICAL,"Extremely overused phrase appearing 2239 times in dataset. Creates predictable, generic lyrics.",take for | appreciation | grip | cargo hold | control | come together | ending | secretive,,,2239,2239,bigram,automated_detection
1034,chasing dream,chasing's dream | chasing dreams | a chasing dream | chasing dream | the chasing dream,like | broken | living | shadow,CRITICAL,"Extremely overused phrase appearing 1456 times in dataset. Creates predictable, generic lyrics.",dog | trail | chase after | tag | chase | dreaming | woolgather | ambition,stream | beam | team | seem,,1456,2184,bigram,automated_detection
1035,city light,a city light | city light | city lights | the city light | city's light,every | neon | morning | find | guiding,CRITICAL,"Extremely overused phrase appearing 2691 times in dataset. Creates predictable, generic lyrics.",metropolis | urban center | idle | tripping | visible radiation | light source | light up,,,2691,2152.8,bigram,automated_detection
1036,eye see,eye sees | the eye see | a eye see | eye see | eye's see,can't | mirror | close | love | world,CRITICAL,"Extremely overused phrase appearing 2142 times in dataset. Creates predictable, generic lyrics.",optic | middle | heart | oculus | eyeball | insure | pick up | take in,,,2142,2142,bigram,automated_detection
1037,every heartbeat,every heartbeats | a every heartbeat | the every heartbeat | every's heartbeat | every heartbeat,move | scar | touch | feel | light,CRITICAL,"Extremely overused phrase appearing 1403 times in dataset. Creates predictable, generic lyrics.",instant | trice | jiffy | New York minute | pulse,,,1403,2104.5,bigram,automated_detection
1038,find light,find light | a find light | the find light | find lights | find's light,can't | strength | neon | way | trying,CRITICAL,"Extremely overused phrase appearing 2625 times in dataset. Creates predictable, generic lyrics.",find out | recover | rule | find oneself | uncovering | idle | tripping | visible radiation,,,2625,2100,bigram,automated_detection
1039,left behind,left behinds | left behind | left's behind | the left behind | a left behind,leave,CRITICAL,"Extremely overused phrase appearing 2052 times in dataset. Creates predictable, generic lyrics.",unexpended | pull up stakes | leave | lead | will | slow | can | backside,,,2052,2052,bigram,automated_detection
1040,darkest night,darkest's night | darkest nights | darkest night | the darkest night | a darkest night,every | find | feel | late | quiet,CRITICAL,"Extremely overused phrase appearing 2493 times in dataset. Creates predictable, generic lyrics.",non-white | sinister | colored | sullen | gloomy | Nox | Night | nighttime,light | bright | sight | fight | right,,2493,1994.4,bigram,automated_detection
1041,endless night,endless's night | a endless night | endless nights | endless night | the endless night,every | find | feel | late | darkest,CRITICAL,"Extremely overused phrase appearing 2458 times in dataset. Creates predictable, generic lyrics.",eternal | sempiternal | interminable | dateless | Nox | Night | nighttime | dark,light | bright | sight | fight | right,,2458,1966.4,bigram,automated_detection
1042,love never,love never | the love never | a love never | love nevers | love's never,can't | alone | that's | find | feel,CRITICAL,"Extremely overused phrase appearing 1572 times in dataset. Creates predictable, generic lyrics.",dear | screw | get it on | fuck | bang | ne'er,above | dove | shove,,1572,1886.4,bigram,automated_detection
1043,broken dream,a broken dream | broken dream | broken dreams | broken's dream | the broken dream,like | heart | living | chasing,CRITICAL,"Extremely overused phrase appearing 1250 times in dataset. Creates predictable, generic lyrics.",get around | let out | break in | crack | violate | dreaming | woolgather | ambition,stream | beam | team | seem,,1250,1875,bigram,automated_detection
1044,can't break,can't break | can't breaks | can't's break | a can't break | the can't break,free | escape | love | find | chain,CRITICAL,"Extremely overused phrase appearing 1872 times in dataset. Creates predictable, generic lyrics.",get around | gaolbreak | let out | geological fault | break in,,,1872,1872,bigram,automated_detection
1045,love like,the love like | love likes | love's like | love like | a love like,can't | find | feeling | feel | moment,CRITICAL,"Extremely overused phrase appearing 1553 times in dataset. Creates predictable, generic lyrics.",dear | screw | get it on | fuck | bang | alike | corresponding | the like,above | dove | shove,,1553,1863.6,bigram,automated_detection
1046,tearing apart,the tearing apart | tearing aparts | a tearing apart | tearing apart | tearing's apart,u | torn | fall,CRITICAL,"Extremely overused phrase appearing 1227 times in dataset. Creates predictable, generic lyrics.",charge | watering | fierce | deplumate | snap | asunder | aside | obscure,,,1227,1840.5,bigram,automated_detection
1047,find place,find place | a find place | the find place | find places | find's place,can't | peace | strength | love | way,CRITICAL,"Extremely overused phrase appearing 1834 times in dataset. Creates predictable, generic lyrics.",find out | recover | rule | find oneself | uncovering | position | lay | stead,,,1834,1834,bigram,automated_detection
1048,see face,see faces | see's face | a see face | see face | the see face,can't | mirror | love | world | eye,CRITICAL,"Extremely overused phrase appearing 1820 times in dataset. Creates predictable, generic lyrics.",insure | pick up | take in | find out | control | confront | expression | font,,,1820,1820,bigram,automated_detection
1049,feel alive,feel's alive | feel alive | the feel alive | feel alives | a feel alive,can't | right | everything | heart | night,CRITICAL,"Extremely overused phrase appearing 1784 times in dataset. Creates predictable, generic lyrics.",flavor | palpate | find | feeling | spirit | active | animated | alert,,,1784,1784,bigram,automated_detection
1050,heart still,heart still | heart stills | a heart still | heart's still | the heart still,broken | beat | feel,CRITICAL,"Extremely overused phrase appearing 1099 times in dataset. Creates predictable, generic lyrics.",sum | nub | inwardness | marrow | warmheartedness | nevertheless | tranquillize | relieve,part | start | art | smart,,1099,1648.5,bigram,automated_detection
1051,every scar,every scars | a every scar | every's scar | the every scar | every scar,move | feel | touch | light | tear,CRITICAL,"Extremely overused phrase appearing 1643 times in dataset. Creates predictable, generic lyrics.",mark | scrape | pock | cicatrice | pit,,,1643,1643,bigram,automated_detection
1052,come back,come's back | a come back | the come back | come backs | come back,find | way | may | could | take,CRITICAL,"Extremely overused phrase appearing 1616 times in dataset. Creates predictable, generic lyrics.",occur | derive | issue forth | do | amount | binding | hind | hinder,,,1616,1616,bigram,automated_detection
1053,mmm mmm,mmm mmms | the mmm mmm | mmm's mmm | a mmm mmm | mmm mmm,,CRITICAL,"Extremely overused phrase appearing 1612 times in dataset. Creates predictable, generic lyrics.",,,,1612,1612,bigram,automated_detection
1054,love love,love loves | a love love | love's love | the love love | love love,can't | that's | find | feel | like,CRITICAL,"Extremely overused phrase appearing 1327 times in dataset. Creates predictable, generic lyrics.",dear | screw | get it on | fuck | bang | dear | screw | get it on,above | dove | shove | above | dove,,1327,1592.4,bigram,automated_detection
1055,can't let,can't let | can't's let | the can't let | can't lets | a can't let,escape | love | free | find | way,CRITICAL,"Extremely overused phrase appearing 1532 times in dataset. Creates predictable, generic lyrics.",permit | allow | countenance | lease | get,,,1532,1532,bigram,automated_detection
1056,standing tall,the standing tall | standing talls | standing's tall | a standing tall | standing tall,stand,CRITICAL,"Extremely overused phrase appearing 1522 times in dataset. Creates predictable, generic lyrics.",resist | digest | fend | stand | brook | marvelous | improbable | grandiloquent,,,1522,1522,bigram,automated_detection
1057,love that's,love that'ses | the love that's | love that's | love's that's | a love that's,like | can't | world | see | never,CRITICAL,"Extremely overused phrase appearing 1267 times in dataset. Creates predictable, generic lyrics.",dear | screw | get it on | fuck | bang,above | dove | shove,,1267,1520.4,bigram,automated_detection
1058,leave behind,leave behinds | a leave behind | leave's behind | leave behind | the leave behind,left,CRITICAL,"Extremely overused phrase appearing 1518 times in dataset. Creates predictable, generic lyrics.",pull up stakes | lead | leave of absence | will | give | slow | can | backside,,,1518,1518,bigram,automated_detection
1059,every touch,every touch | a every touch | the every touch | every's touch | every touches,move | scar | feel | night | tear,CRITICAL,"Extremely overused phrase appearing 1501 times in dataset. Creates predictable, generic lyrics.",trace | contact | match | touch on | tinge,,,1501,1501,bigram,automated_detection
1060,like dream,like dream | like dreams | the like dream | like's dream | a like dream,broken | love | feeling | feel | chasing,CRITICAL,"Extremely overused phrase appearing 984 times in dataset. Creates predictable, generic lyrics.",alike | corresponding | the like | the likes of | care | dreaming | woolgather | ambition,stream | beam | team | seem,,984,1476,bigram,automated_detection
1061,way back,a way back | way's back | the way back | way back | way backs,can't | find | take | lost | come,CRITICAL,"Extremely overused phrase appearing 1420 times in dataset. Creates predictable, generic lyrics.",path | means | agency | direction | mode | binding | hind | hinder,day | say | play | stay,,1420,1420,bigram,automated_detection
1062,make right,the make right | make rights | a make right | make right | make's right,whole | feel | everything | let's,CRITICAL,"Extremely overused phrase appearing 1377 times in dataset. Creates predictable, generic lyrics.",wee | take in | form | micturate | draw | right field | correct | rightfulness,,,1377,1377,bigram,automated_detection
1063,say goodbye,a say goodbye | say's goodbye | say goodbye | the say goodbye | say goodbyes,word,CRITICAL,"Extremely overused phrase appearing 1357 times in dataset. Creates predictable, generic lyrics.",enounce | pronounce | read | sound out | allege | cheerio | auf wiedersehen | so long,,,1357,1357,bigram,automated_detection
1064,late night,late's night | the late night | late night | late nights | a late night,every | find | feel | darkest | quiet,CRITICAL,"Extremely overused phrase appearing 1671 times in dataset. Creates predictable, generic lyrics.",deep | later | tardily | recently | lately | Nox | Night | nighttime,light | bright | sight | fight | right,,1671,1336.8,bigram,automated_detection
1065,wish could,wish could | a wish could | wish coulds | wish's could | the wish could,turn | back,CRITICAL,"Extremely overused phrase appearing 1333 times in dataset. Creates predictable, generic lyrics.",bid | indirect request | care | compliments | wish well,,,1333,1333,bigram,automated_detection
1066,turn back,the turn back | turn back | turn backs | turn's back | a turn back,find | way | take | come | looking,CRITICAL,"Extremely overused phrase appearing 1327 times in dataset. Creates predictable, generic lyrics.",round | spell | turn of events | bout | plow | binding | hind | hinder,,,1327,1327,bigram,automated_detection
1067,mirror see,a mirror see | the mirror see | mirror see | mirror's see | mirror sees,can't | love | world | eye | light,CRITICAL,"Extremely overused phrase appearing 1326 times in dataset. Creates predictable, generic lyrics.",insure | pick up | take in | find out | control,,,1326,1326,bigram,automated_detection
1068,shine bright,shine bright | shine brights | the shine bright | shine's bright | a shine bright,shining | burning,CRITICAL,"Extremely overused phrase appearing 1307 times in dataset. Creates predictable, generic lyrics.",glitter | beam | strike | refulgence | refulgency | brilliant | brilliantly | smart,,,1307,1307,bigram,automated_detection
1069,letting go,a letting go | the letting go | letting's go | letting gos | letting go,can't | never | let | let's,CRITICAL,"Extremely overused phrase appearing 1305 times in dataset. Creates predictable, generic lyrics.",permit | allow | lease | countenance | rental | travel | run | croak,,,1305,1305,bigram,automated_detection
1070,neon light,neon's light | neon light | a neon light | the neon light | neon lights,every | morning | find | city | guiding,CRITICAL,"Extremely overused phrase appearing 1622 times in dataset. Creates predictable, generic lyrics.",Ne | atomic number 10 | idle | tripping | visible radiation | light source | light up,,,1622,1297.6,bigram,automated_detection
1071,lost echo,the lost echo | lost echo | a lost echo | lost's echo | lost echos,mind | way | shadow | past | maze,CRITICAL,"Extremely overused phrase appearing 1296 times in dataset. Creates predictable, generic lyrics.",miss | misplace | befuddled | disoriented | confused | reverberation | ring | recall,,,1296,1296,bigram,automated_detection
1072,brand new,the brand new | a brand new | brand's new | brand news | brand new,,CRITICAL,"Extremely overused phrase appearing 1268 times in dataset. Creates predictable, generic lyrics.",mark | blade | marque | trade name | firebrand | freshly | newly | young,,,1268,1268,bigram,automated_detection
1073,see light,see lights | the see light | see light | a see light | see's light,can't | love | every | neon | find,CRITICAL,"Extremely overused phrase appearing 1581 times in dataset. Creates predictable, generic lyrics.",insure | pick up | take in | find out | control | idle | tripping | visible radiation,,,1581,1264.8,bigram,automated_detection
1074,every whisper,every whispers | every whisper | every's whisper | the every whisper | a every whisper,move | scar | touch | feel | light,CRITICAL,"Extremely overused phrase appearing 1261 times in dataset. Creates predictable, generic lyrics.",rustling | voicelessness | whispering | susurration | rustle,,,1261,1261,bigram,automated_detection
1075,oh-oh oh-oh,the oh-oh oh-oh | oh-oh's oh-oh | oh-oh oh-ohs | oh-oh oh-oh | a oh-oh oh-oh,,CRITICAL,"Extremely overused phrase appearing 1254 times in dataset. Creates predictable, generic lyrics.",,,,1254,1254,bigram,automated_detection
1076,come may,come may | come maies | a come may | come's may | the come may,back | alive,CRITICAL,"Extremely overused phrase appearing 1252 times in dataset. Creates predictable, generic lyrics.",occur | derive | issue forth | do | amount | May | English hawthorn | whitethorn,,,1252,1252,bigram,automated_detection
1077,looking back,the looking back | a looking back | looking's back | looking backs | looking back,find | way | take | come | turn,CRITICAL,"Extremely overused phrase appearing 1249 times in dataset. Creates predictable, generic lyrics.",appear | face | seem | reckon | looking for | binding | hind | hinder,,,1249,1249,bigram,automated_detection
1078,make feel,the make feel | make feels | make feel | make's feel | a make feel,can't | whole | right | everything | heart,CRITICAL,"Extremely overused phrase appearing 1244 times in dataset. Creates predictable, generic lyrics.",wee | take in | form | micturate | draw | flavor | palpate | find,,,1244,1244,bigram,automated_detection
1079,feel pain,a feel pain | the feel pain | feel's pain | feel pain | feel pains,can't | love | every | right | everything,CRITICAL,"Extremely overused phrase appearing 823 times in dataset. Creates predictable, generic lyrics.",flavor | palpate | find | feeling | spirit | pain in the ass | trouble | ail,rain | gain | chain | stain,,823,1234.5,bigram,automated_detection
1080,cut deep,cut's deep | a cut deep | the cut deep | cut deeps | cut deep,inside | within,CRITICAL,"Extremely overused phrase appearing 1225 times in dataset. Creates predictable, generic lyrics.",baseball swing | ignore | slash | cut back | foreshorten | mystifying | inscrutable | abstruse,,,1225,1225,bigram,automated_detection
1081,call name,call name | the call name | call names | a call name | call's name,know | hear,CRITICAL,"Extremely overused phrase appearing 1224 times in dataset. Creates predictable, generic lyrics.",birdsong | ring | promise | song | phone | mention | bring up | gens,,,1224,1224,bigram,automated_detection
1082,rise fall,rise fall | rise's fall | a rise fall | rise falls | the rise fall,together | apart,CRITICAL,"Extremely overused phrase appearing 1222 times in dataset. Creates predictable, generic lyrics.",jump | rising slope | wage increase | salary increase | originate | hang | devolve | return,,,1222,1222,bigram,automated_detection
1083,shining bright,the shining bright | shining brights | shining's bright | a shining bright | shining bright,shine | burning,CRITICAL,"Extremely overused phrase appearing 1218 times in dataset. Creates predictable, generic lyrics.",struggle | glitter | beam | clamber | shiny | brilliant | brilliantly | smart,,,1218,1218,bigram,automated_detection
1084,can't deny,a can't deny | the can't deny | can't's deny | can't deny | can't denies,escape | love | free | find | way,CRITICAL,"Extremely overused phrase appearing 1214 times in dataset. Creates predictable, generic lyrics.",traverse | refuse | abnegate,,,1214,1214,bigram,automated_detection
1085,arm find,arm find | a arm find | arm's find | the arm find | arm finds,can't | peace | strength | love | way,CRITICAL,"Extremely overused phrase appearing 1206 times in dataset. Creates predictable, generic lyrics.",subdivision | gird | fortify | build up | weapon system | find out | recover | rule,,,1206,1206,bigram,automated_detection
1086,world feel,world feel | world feels | a world feel | the world feel | world's feel,can't | right | everything | heart | night,CRITICAL,"Extremely overused phrase appearing 1204 times in dataset. Creates predictable, generic lyrics.",humans | humanity | worldwide | populace | man | flavor | palpate | find,,,1204,1204,bigram,automated_detection
1087,living dream,a living dream | living's dream | the living dream | living dream | living dreams,like | broken | edge | life | chasing,CRITICAL,"Extremely overused phrase appearing 798 times in dataset. Creates predictable, generic lyrics.",animation | sustenance | keep | live | endure | dreaming | woolgather | ambition,stream | beam | team | seem,,798,1197,bigram,automated_detection
1088,love find,a love find | love finds | love's find | love find | the love find,can't | peace | strength | way | feel,CRITICAL,"Extremely overused phrase appearing 993 times in dataset. Creates predictable, generic lyrics.",dear | screw | get it on | fuck | bang | find out | recover | rule,above | dove | shove,,993,1191.6,bigram,automated_detection
1089,every single,every single | the every single | every's single | a every single | every singles,move | scar | touch | feel | light,CRITICAL,"Extremely overused phrase appearing 1189 times in dataset. Creates predictable, generic lyrics.",exclusive | bingle | one | I | undivided,,,1189,1189,bigram,automated_detection
1090,one day,a one day | one day | one's day | one daies | the one day,brighter | every | another | night,CRITICAL,"Extremely overused phrase appearing 1483 times in dataset. Creates predictable, generic lyrics.",unrivalled | unitary | i | matchless | unmatchable | solar day | Day | Clarence Shepard Day Jr.,,,1483,1186.4,bigram,automated_detection
1091,never fade,the never fade | never's fade | never fades | never fade | a never fade,alone | love | end | away | go,CRITICAL,"Extremely overused phrase appearing 1183 times in dataset. Creates predictable, generic lyrics.",ne'er | fleet | blow over | evanesce | pass off | slice,,,1183,1183,bigram,automated_detection
1092,love feel,love feels | love's feel | the love feel | a love feel | love feel,can't | right | everything | heart | moment,CRITICAL,"Extremely overused phrase appearing 982 times in dataset. Creates predictable, generic lyrics.",dear | screw | get it on | fuck | bang | flavor | palpate | find,above | dove | shove,,982,1178.4,bigram,automated_detection
1093,heart feel,heart feel | the heart feel | a heart feel | heart's feel | heart feels,can't | right | everything | night | moment,CRITICAL,"Extremely overused phrase appearing 781 times in dataset. Creates predictable, generic lyrics.",sum | nub | inwardness | marrow | warmheartedness | flavor | palpate | find,part | start | art | smart,,781,1171.5,bigram,automated_detection
1094,rise rise,a rise rise | rise rise | rise's rise | the rise rise | rise rises,together | fall,CRITICAL,"Extremely overused phrase appearing 1170 times in dataset. Creates predictable, generic lyrics.",jump | rising slope | wage increase | salary increase | originate | jump | rising slope | wage increase,,,1170,1170,bigram,automated_detection
1095,never let,a never let | never lets | the never let | never let | never's let,can't | love | alone | end | fade,CRITICAL,"Extremely overused phrase appearing 1166 times in dataset. Creates predictable, generic lyrics.",ne'er | permit | allow | countenance | lease | get,,,1166,1166,bigram,automated_detection
1096,quiet night,quiet nights | a quiet night | quiet's night | quiet night | the quiet night,every | find | feel | late | darkest,CRITICAL,"Extremely overused phrase appearing 1456 times in dataset. Creates predictable, generic lyrics.",tranquillize | calm down | tranquillity | silence | serenity | Nox | Night | nighttime,light | bright | sight | fight | right,,1456,1164.8,bigram,automated_detection
1201,ooh ooh ooh,ooh's ooh ooh | the ooh ooh ooh | ooh ooh ooh | a ooh ooh ooh,,CRITICAL,"Extremely overused phrase appearing 1154 times in dataset. Creates predictable, generic lyrics.",,,,1154,1154,trigram,automated_detection
1097,moment feel,moment's feel | moment feels | moment feel | a moment feel | the moment feel,can't | every | love | right | everything,CRITICAL,"Extremely overused phrase appearing 1145 times in dataset. Creates predictable, generic lyrics.",present moment | instant | here and now | import | minute | flavor | palpate | find,,,1145,1145,bigram,automated_detection
1098,echo past,echo past | a echo past | the echo past | echo pasts | echo's past,lost | mind | laughter,CRITICAL,"Extremely overused phrase appearing 1120 times in dataset. Creates predictable, generic lyrics.",reverberation | ring | recall | repeat | Echo | preceding | retiring | past tense,,,1120,1120,bigram,automated_detection
1099,like star,like star | like stars | the like star | like's star | a like star,love | feeling | feel | moment | ghost,CRITICAL,"Extremely overused phrase appearing 1116 times in dataset. Creates predictable, generic lyrics.",alike | corresponding | the like | the likes of | care | sensation | starring | maven,,,1116,1116,bigram,automated_detection
1100,wild free,wild free | a wild free | the wild free | wild frees | wild's free,can't | chain | break | breaking | set,CRITICAL,"Extremely overused phrase appearing 1115 times in dataset. Creates predictable, generic lyrics.",idle | dotty | natural state | godforsaken | tempestuous | disembarrass | relieve | liberal,,,1115,1115,bigram,automated_detection
1101,night long,night longs | night long | night's long | the night long | a night long,every | find | feel | late | darkest,CRITICAL,"Extremely overused phrase appearing 1390 times in dataset. Creates predictable, generic lyrics.",Nox | Night | nighttime | dark | foresightful | farsighted | tenacious | yearn,light | bright | sight | fight | right,,1390,1112,bigram,automated_detection
1102,can't seem,can't's seem | can't seem | a can't seem | the can't seem | can't seems,escape | love | free | find | way,CRITICAL,"Extremely overused phrase appearing 1097 times in dataset. Creates predictable, generic lyrics.",appear | look,,,1097,1097,bigram,automated_detection
1103,far away,far's away | a far away | far away | the far away | far awaies,fade | walk | slip | break,CRITICAL,"Extremely overused phrase appearing 1369 times in dataset. Creates predictable, generic lyrics.",ALIR | Interahamwe | Army for the Liberation of Rwanda | FAR | Former Armed Forces | forth | out | aside,,,1369,1095.2,bigram,automated_detection
1104,morning light,a morning light | morning light | morning lights | the morning light | morning's light,every | neon | find | city | guiding,CRITICAL,"Extremely overused phrase appearing 1368 times in dataset. Creates predictable, generic lyrics.",dawn | dawning | cockcrow | morn | break of day | idle | tripping | visible radiation,,,1368,1094.4,bigram,automated_detection
1202,can't let go,can't let go | can't's let go | a can't let go | the can't let go,escape | letting | love | free | find,CRITICAL,"Extremely overused phrase appearing 1093 times in dataset. Creates predictable, generic lyrics.",,,,1093,1093,trigram,automated_detection
1203,find way back,a find way back | find's way back | the find way back | find way back,can't | strength | light | lost | trying,CRITICAL,"Extremely overused phrase appearing 1093 times in dataset. Creates predictable, generic lyrics.",,,,1093,1093,trigram,automated_detection
1105,breaking chain,the breaking chain | breaking's chain | breaking chains | breaking chain | a breaking chain,free | break,CRITICAL,"Extremely overused phrase appearing 1092 times in dataset. Creates predictable, generic lyrics.",relegate | get around | split | dampen | break out | Ernst Boris Chain | concatenation | Sir Ernst Boris Chain,,,1092,1092,bigram,automated_detection
1106,take hand,take hand | take's hand | take hands | a take hand | the take hand,back | every | step | flight | breath,CRITICAL,"Extremely overused phrase appearing 1090 times in dataset. Creates predictable, generic lyrics.",payoff | engage | take in | guide | deal | pass on | reach | deal,,,1090,1090,bigram,automated_detection
1107,love can't,the love can't | a love can't | love's can't | love can'ts | love can't,escape | free | that's | find | way,CRITICAL,"Extremely overused phrase appearing 897 times in dataset. Creates predictable, generic lyrics.",dear | screw | get it on | fuck | bang,above | dove | shove,,897,1076.4,bigram,automated_detection
1108,close eye,the close eye | a close eye | close eyes | close eye | close's eye,see | hold,CRITICAL,"Extremely overused phrase appearing 1068 times in dataset. Creates predictable, generic lyrics.",come together | ending | secretive | fold | closemouthed | optic | middle | heart,,,1068,1068,bigram,automated_detection
1109,free chain,free chain | a free chain | free's chain | free chains | the free chain,can't | wild | break | breaking | set,CRITICAL,"Extremely overused phrase appearing 1060 times in dataset. Creates predictable, generic lyrics.",disembarrass | relieve | liberal | relinquish | destitute | Ernst Boris Chain | concatenation | Sir Ernst Boris Chain,,,1060,1060,bigram,automated_detection
1110,know know,the know know | a know know | know know | know knows | know's know,name,CRITICAL,"Extremely overused phrase appearing 1057 times in dataset. Creates predictable, generic lyrics.",screw | get it on | fuck | cognize | bang | screw | get it on | fuck,,,1057,1057,bigram,automated_detection
1111,slip away,a slip away | slip awaies | slip away | slip's away | the slip away,fade | walk | far | break,CRITICAL,"Extremely overused phrase appearing 1310 times in dataset. Creates predictable, generic lyrics.",mooring | pillowcase | faux pas | gaffe | miscue | forth | out | aside,,,1310,1048,bigram,automated_detection
1112,every move,a every move | every's move | every moves | every move | the every move,scar | touch | feel | light | tear,CRITICAL,"Extremely overused phrase appearing 1045 times in dataset. Creates predictable, generic lyrics.",travel | run | movement | incite | proceed,,,1045,1045,bigram,automated_detection
1113,back time,a back time | back time | back's time | back times | the back time,every | find | way | take | come,CRITICAL,"Extremely overused phrase appearing 1038 times in dataset. Creates predictable, generic lyrics.",binding | hind | hinder | rearwards | second | sentence | fourth dimension | prison term,rhyme | climb | prime | sublime,,1038,1038,bigram,automated_detection
1114,every storm,a every storm | every storm | every's storm | every storms | the every storm,move | scar | touch | feel | light,CRITICAL,"Extremely overused phrase appearing 1037 times in dataset. Creates predictable, generic lyrics.",ramp | violent storm | tempest | rage | force,,,1037,1037,bigram,automated_detection
1115,word say,word saies | word's say | word say | a word say | the word say,every | goodbye,CRITICAL,"Extremely overused phrase appearing 1033 times in dataset. Creates predictable, generic lyrics.",word of honor | watchword | Scripture | Bible | phrase | enounce | pronounce | read,,,1033,1033,bigram,automated_detection
1116,holding tight,a holding tight | holding tights | holding tight | holding's tight | the holding tight,hold | onto,CRITICAL,"Extremely overused phrase appearing 1032 times in dataset. Creates predictable, generic lyrics.",take for | retention | control | declare | keep | sloshed | pixilated | mean,,,1032,1032,bigram,automated_detection
1204,can't find way,can't's find way | a can't find way | the can't find way | can't find way,free | strength | feel | light | night,CRITICAL,"Extremely overused phrase appearing 1031 times in dataset. Creates predictable, generic lyrics.",,,,1031,1031,trigram,automated_detection
1117,burning bright,burning brights | a burning bright | burning's bright | the burning bright | burning bright,shining | shine | fire,CRITICAL,"Extremely overused phrase appearing 1027 times in dataset. Creates predictable, generic lyrics.",cauterize | cauterise | combustion | fire | sunburn | brilliant | brilliantly | smart,,,1027,1027,bigram,automated_detection
1118,living like,living's like | living like | the living like | a living like | living likes,love | feeling | feel | life | moment,CRITICAL,"Extremely overused phrase appearing 1020 times in dataset. Creates predictable, generic lyrics.",animation | sustenance | keep | live | endure | alike | corresponding | the like,,,1020,1020,bigram,automated_detection
1119,back home,back homes | the back home | back home | back's home | a back home,find | way | take | come | looking,CRITICAL,"Extremely overused phrase appearing 1012 times in dataset. Creates predictable, generic lyrics.",binding | hind | hinder | rearwards | second | menage | home base | dwelling,,,1012,1012,bigram,automated_detection
1120,lost shadow,a lost shadow | lost's shadow | the lost shadow | lost shadows | lost shadow,way | echo | light | chasing | maze,CRITICAL,"Extremely overused phrase appearing 1010 times in dataset. Creates predictable, generic lyrics.",miss | misplace | befuddled | disoriented | confused | shade | shade off | trace,,,1010,1010,bigram,automated_detection
1121,like ghost,a like ghost | the like ghost | like's ghost | like ghost | like ghosts,love | feeling | feel | moment | star,CRITICAL,"Extremely overused phrase appearing 992 times in dataset. Creates predictable, generic lyrics.",alike | corresponding | the like | the likes of | care | shade | trace | haunt,,,992,992,bigram,automated_detection
1122,can't hide,can't hide | a can't hide | can't's hide | the can't hide | can't hides,escape | love | free | find | way,CRITICAL,"Extremely overused phrase appearing 989 times in dataset. Creates predictable, generic lyrics.",hide out | cover | enshroud | blot out | skin,,,989,989,bigram,automated_detection
1123,ah ah,ah ahs | ah's ah | the ah ah | a ah ah | ah ah,,CRITICAL,"Extremely overused phrase appearing 988 times in dataset. Creates predictable, generic lyrics.",,,,988,988,bigram,automated_detection
1124,take back,take's back | a take back | the take back | take backs | take back,flight | every | find | way | could,CRITICAL,"Extremely overused phrase appearing 980 times in dataset. Creates predictable, generic lyrics.",payoff | engage | take in | guide | deal | binding | hind | hinder,,,980,980,bigram,automated_detection
1125,guiding light,guiding lights | guiding's light | guiding light | the guiding light | a guiding light,every | neon | find | city | morning,CRITICAL,"Extremely overused phrase appearing 1220 times in dataset. Creates predictable, generic lyrics.",run | maneuver | guide | draw | directional | idle | tripping | visible radiation,,,1220,976,bigram,automated_detection
1126,everything feel,a everything feel | everything feel | everything feels | the everything feel | everything's feel,can't | love | every | right | still,CRITICAL,"Extremely overused phrase appearing 962 times in dataset. Creates predictable, generic lyrics.",flavor | palpate | find | feeling | spirit,,,962,962,bigram,automated_detection
1127,let love,let's love | let love | let loves | the let love | a let love,can't | that's | find | feel | go,CRITICAL,"Extremely overused phrase appearing 800 times in dataset. Creates predictable, generic lyrics.",permit | allow | countenance | lease | get | dear | screw | get it on,above | dove | shove,,800,960,bigram,automated_detection
1128,night day,night's day | the night day | night day | a night day | night daies,every | another | find | feel | late,CRITICAL,"Extremely overused phrase appearing 1495 times in dataset. Creates predictable, generic lyrics.",Nox | Night | nighttime | dark | solar day | Day | Clarence Shepard Day Jr. | 24-hour interval,light | bright | sight | fight | right,,1495,956.8,bigram,automated_detection
1129,every kiss,every's kiss | the every kiss | every kisses | every kiss | a every kiss,move | scar | touch | feel | light,CRITICAL,"Extremely overused phrase appearing 956 times in dataset. Creates predictable, generic lyrics.",osculate | snog | osculation | candy kiss | buss,,,956,956,bigram,automated_detection
1130,u apart,u aparts | the u apart | a u apart | u apart | u's apart,torn | tearing | fall,CRITICAL,"Extremely overused phrase appearing 953 times in dataset. Creates predictable, generic lyrics.",atomic number 92 | uracil | U | uranium | asunder | aside | obscure | isolated,,,953,953,bigram,automated_detection
1131,feel weight,feel weight | a feel weight | feel weights | the feel weight | feel's weight,can't | love | every | right | everything,CRITICAL,"Extremely overused phrase appearing 946 times in dataset. Creates predictable, generic lyrics.",flavor | palpate | find | feeling | spirit | weighting | burden | burthen,,,946,946,bigram,automated_detection
1132,shadow night,shadow nights | the shadow night | shadow's night | shadow night | a shadow night,every | find | feel | late | darkest,CRITICAL,"Extremely overused phrase appearing 1180 times in dataset. Creates predictable, generic lyrics.",shade | shade off | trace | phantom | tincture | Nox | Night | nighttime,light | bright | sight | fight | right,,1180,944,bigram,automated_detection
1133,take flight,take flight | take's flight | take flights | the take flight | a take flight,back | every | step | breath | hand,CRITICAL,"Extremely overused phrase appearing 1180 times in dataset. Creates predictable, generic lyrics.",payoff | engage | take in | guide | deal | escape | flying | fledge,,,1180,944,bigram,automated_detection
1134,can't get,can't get | a can't get | the can't get | can't's get | can't gets,escape | love | free | find | way,CRITICAL,"Extremely overused phrase appearing 943 times in dataset. Creates predictable, generic lyrics.",mystify | draw | induce | begin | set out,,,943,943,bigram,automated_detection
1135,see love,a see love | the see love | see loves | see's love | see love,can't | find | feel | light | face,CRITICAL,"Extremely overused phrase appearing 782 times in dataset. Creates predictable, generic lyrics.",insure | pick up | take in | find out | control | dear | screw | get it on,above | dove | shove,,782,938.4,bigram,automated_detection
1136,side side,side side | a side side | side's side | the side side | side sides,,CRITICAL,"Extremely overused phrase appearing 936 times in dataset. Creates predictable, generic lyrics.",English | slope | position | face | incline | English | slope | position,,,936,936,bigram,automated_detection
1137,silent scream,silent's scream | silent scream | a silent scream | the silent scream | silent screams,,CRITICAL,"Extremely overused phrase appearing 933 times in dataset. Creates predictable, generic lyrics.",soundless | dumb | mute | unsounded | understood | belly laugh | screeching | wow,,,933,933,bigram,automated_detection
1138,lost way,lost waies | a lost way | lost's way | lost way | the lost way,can't | find | echo | maze | back,CRITICAL,"Extremely overused phrase appearing 933 times in dataset. Creates predictable, generic lyrics.",miss | misplace | befuddled | disoriented | confused | path | means | agency,day | say | play | stay,,933,933,bigram,automated_detection
1205,trying find way,trying's find way | trying find way | the trying find way | a trying find way,can't | peace | strength | love | light,CRITICAL,"Extremely overused phrase appearing 923 times in dataset. Creates predictable, generic lyrics.",,,,923,923,trigram,automated_detection
1139,find love,find's love | a find love | the find love | find love | find loves,can't | peace | strength | way | feel,CRITICAL,"Extremely overused phrase appearing 769 times in dataset. Creates predictable, generic lyrics.",find out | recover | rule | find oneself | uncovering | dear | screw | get it on,above | dove | shove,,769,922.8,bigram,automated_detection
1140,night feel,night feel | night feels | a night feel | night's feel | the night feel,can't | right | everything | heart | moment,CRITICAL,"Extremely overused phrase appearing 1152 times in dataset. Creates predictable, generic lyrics.",Nox | Night | nighttime | dark | flavor | palpate | find | feeling,light | bright | sight | fight | right,,1152,921.6,bigram,automated_detection
1141,story told,story told | a story told | the story told | story tolds | story's told,,CRITICAL,"Extremely overused phrase appearing 907 times in dataset. Creates predictable, generic lyrics.",fib | level | report | history | taradiddle | tell apart | recite | separate,,,907,907,bigram,automated_detection
1142,found way,found's way | the found way | found way | found waies | a found way,back | lost | can't | trying | find,CRITICAL,"Extremely overused phrase appearing 903 times in dataset. Creates predictable, generic lyrics.",find out | recover | rule | find oneself | notice | path | means | agency,day | say | play | stay,,903,903,bigram,automated_detection
1143,world cold,the world cold | world's cold | a world cold | world cold | world colds,see | that's | feel,CRITICAL,"Extremely overused phrase appearing 900 times in dataset. Creates predictable, generic lyrics.",humans | humanity | worldwide | populace | man | dusty | common cold | low temperature,,,900,900,bigram,automated_detection
1144,deep within,deep within | deep withins | a deep within | the deep within | deep's within,lost | inside | cut,CRITICAL,"Extremely overused phrase appearing 900 times in dataset. Creates predictable, generic lyrics.",mystifying | inscrutable | abstruse | late | recondite | inside,,,900,900,bigram,automated_detection
1145,living edge,living's edge | the living edge | living edge | a living edge | living edges,like | life | dream | moment,CRITICAL,"Extremely overused phrase appearing 898 times in dataset. Creates predictable, generic lyrics.",animation | sustenance | keep | live | endure | butt on | sharpness | bound,,,898,898,bigram,automated_detection
1146,let's go,a let's go | the let's go | let's gos | let's's go | let's go,letting | can't | never | make | let,CRITICAL,"Extremely overused phrase appearing 889 times in dataset. Creates predictable, generic lyrics.",travel | run | croak | spell | Adam,,,889,889,bigram,automated_detection
1147,endless fight,the endless fight | endless's fight | endless fight | endless fights | a endless fight,night,CRITICAL,"Extremely overused phrase appearing 883 times in dataset. Creates predictable, generic lyrics.",eternal | sempiternal | interminable | dateless | battle | combat | push | engagement,,,883,883,bigram,automated_detection
1148,know name,the know name | know names | know name | a know name | know's name,call,CRITICAL,"Extremely overused phrase appearing 882 times in dataset. Creates predictable, generic lyrics.",screw | get it on | fuck | cognize | bang | mention | bring up | gens,,,882,882,bigram,automated_detection
1149,torn apart,torn aparts | torn's apart | torn apart | a torn apart | the torn apart,u | tearing | fall,CRITICAL,"Extremely overused phrase appearing 882 times in dataset. Creates predictable, generic lyrics.",pluck | buck | rupture | deplume | pull | asunder | aside | obscure,,,882,882,bigram,automated_detection
1206,can't break free,can't break free | can't's break free | the can't break free | a can't break free,escape | wild | love | find | chain,CRITICAL,"Extremely overused phrase appearing 868 times in dataset. Creates predictable, generic lyrics.",,,,868,868,trigram,automated_detection
1150,lose control,the lose control | lose control | a lose control | lose's control | lose controls,,CRITICAL,"Extremely overused phrase appearing 867 times in dataset. Creates predictable, generic lyrics.",drop off | mislay | miss | recede | suffer | verify | insure | control condition,,,867,867,bigram,automated_detection
1151,every corner,a every corner | every's corner | every corners | every corner | the every corner,move | scar | touch | feel | light,CRITICAL,"Extremely overused phrase appearing 866 times in dataset. Creates predictable, generic lyrics.",street corner | recession | tree | nook | quoin,,,866,866,bigram,automated_detection
1152,silence night,a silence night | silence night | silence nights | the silence night | silence's night,every | find | feel | late | darkest,CRITICAL,"Extremely overused phrase appearing 1081 times in dataset. Creates predictable, generic lyrics.",secretiveness | secrecy | hush | quiet | hush up | Nox | Night | nighttime,light | bright | sight | fight | right,,1081,864.8,bigram,automated_detection
1153,every beat,every's beat | a every beat | the every beat | every beat | every beats,move | scar | touch | feel | heart,CRITICAL,"Extremely overused phrase appearing 860 times in dataset. Creates predictable, generic lyrics.",bushed | round | mystify | circumvent | thump,,,860,860,bigram,automated_detection
1154,round round,round rounds | the round round | round's round | round round | a round round,,CRITICAL,"Extremely overused phrase appearing 856 times in dataset. Creates predictable, generic lyrics.",one shot | bout | pear-shaped | circle | brush up | one shot | bout | pear-shaped,,,856,856,bigram,automated_detection
1155,make whole,make whole | make's whole | a make whole | the make whole | make wholes,right | let's | feel,CRITICAL,"Extremely overused phrase appearing 855 times in dataset. Creates predictable, generic lyrics.",wee | take in | form | micturate | draw | hale | all | completely,,,855,855,bigram,automated_detection
1156,lost maze,lost's maze | the lost maze | lost mazes | lost maze | a lost maze,echo | way | shadow | within,CRITICAL,"Extremely overused phrase appearing 854 times in dataset. Creates predictable, generic lyrics.",miss | misplace | befuddled | disoriented | confused | snarl | labyrinth | tangle,,,854,854,bigram,automated_detection
1157,never end,never end | a never end | never ends | never's end | the never end,alone | love | fade | go | let,CRITICAL,"Extremely overused phrase appearing 853 times in dataset. Creates predictable, generic lyrics.",ne'er | goal | close | final stage | last | terminate,,,853,853,bigram,automated_detection
1158,world that's,the world that's | world's that's | world that's | a world that's | world that'ses,cold | love | see | feel,CRITICAL,"Extremely overused phrase appearing 852 times in dataset. Creates predictable, generic lyrics.",humans | humanity | worldwide | populace | man,,,852,852,bigram,automated_detection
1159,come alive,come's alive | come alives | come alive | a come alive | the come alive,back | may | feel,CRITICAL,"Extremely overused phrase appearing 851 times in dataset. Creates predictable, generic lyrics.",occur | derive | issue forth | do | amount | active | animated | alert,,,851,851,bigram,automated_detection
1160,let's make,a let's make | the let's make | let's make | let's makes | let's's make,right | whole | go | feel,CRITICAL,"Extremely overused phrase appearing 849 times in dataset. Creates predictable, generic lyrics.",wee | take in | form | micturate | draw,,,849,849,bigram,automated_detection
1161,fall apart,fall apart | the fall apart | fall aparts | fall's apart | a fall apart,rise | tearing | torn | u,CRITICAL,"Extremely overused phrase appearing 843 times in dataset. Creates predictable, generic lyrics.",hang | devolve | return | flow | pin | asunder | aside | obscure,,,843,843,bigram,automated_detection
1162,touch sky,touch sky | touch skies | touch's sky | the touch sky | a touch sky,every,CRITICAL,"Extremely overused phrase appearing 839 times in dataset. Creates predictable, generic lyrics.",trace | contact | match | touch on | tinge | flip | toss | pitch,,,839,839,bigram,automated_detection
1163,stay true,a stay true | stay trues | stay true | stay's true | the stay true,,CRITICAL,"Extremely overused phrase appearing 838 times in dataset. Creates predictable, generic lyrics.",outride | appease | stay on | halt | rest | on-key | reliable | confessedly,,,838,838,bigram,automated_detection
1164,shadow mind,shadow mind | shadow minds | shadow's mind | the shadow mind | a shadow mind,like | lost | echo | chasing | light,CRITICAL,"Extremely overused phrase appearing 834 times in dataset. Creates predictable, generic lyrics.",shade | shade off | trace | phantom | tincture | idea | judgment | psyche,,,834,834,bigram,automated_detection
1165,living moment,living moment | a living moment | living moments | the living moment | living's moment,like | every | edge | feel | life,CRITICAL,"Extremely overused phrase appearing 834 times in dataset. Creates predictable, generic lyrics.",animation | sustenance | keep | live | endure | present moment | instant | here and now,,,834,834,bigram,automated_detection
1166,feeling like,feeling likes | feeling's like | the feeling like | a feeling like | feeling like,love | feel | moment | ghost | star,CRITICAL,"Extremely overused phrase appearing 829 times in dataset. Creates predictable, generic lyrics.",touch | flavour | sense | notion | belief | alike | corresponding | the like,,,829,829,bigram,automated_detection
1167,together stand,together stands | the together stand | together stand | together's stand | a together stand,alone | rise | tall | ground,CRITICAL,"Extremely overused phrase appearing 829 times in dataset. Creates predictable, generic lyrics.",unitedly | in concert | fend | remain firm | pedestal | endure | tie-up,,,829,829,bigram,automated_detection
1168,holding onto,holding onto | holding ontos | holding's onto | a holding onto | the holding onto,tight,CRITICAL,"Extremely overused phrase appearing 825 times in dataset. Creates predictable, generic lyrics.",take for | retention | control | declare | keep,,,825,825,bigram,automated_detection
1169,caught web,a caught web | caught webs | caught's web | the caught web | caught web,,CRITICAL,"Extremely overused phrase appearing 823 times in dataset. Creates predictable, generic lyrics.",beguile | pick up | take in | capture | overhear | network | net | World Wide Web,,,823,823,bigram,automated_detection
1170,hold hand,a hold hand | hold hand | the hold hand | hold hands | hold's hand,close | tight | take,CRITICAL,"Extremely overused phrase appearing 803 times in dataset. Creates predictable, generic lyrics.",take for | appreciation | grip | cargo hold | control | pass on | reach | deal,,,803,803,bigram,automated_detection
1171,never alone,the never alone | a never alone | never alones | never alone | never's alone,love | fade | end | stand | go,CRITICAL,"Extremely overused phrase appearing 803 times in dataset. Creates predictable, generic lyrics.",ne'er | unique | unequaled | entirely | lonely | lone,,,803,803,bigram,automated_detection
1172,stand ground,stand's ground | stand ground | a stand ground | the stand ground | stand grounds,alone | together | tall,CRITICAL,"Extremely overused phrase appearing 802 times in dataset. Creates predictable, generic lyrics.",fend | remain firm | pedestal | endure | tie-up | primer | dig | labor,,,802,802,bigram,automated_detection
1173,together rise,together rises | together rise | a together rise | the together rise | together's rise,stand | fall,CRITICAL,"Extremely overused phrase appearing 796 times in dataset. Creates predictable, generic lyrics.",unitedly | in concert | jump | rising slope | wage increase | salary increase | originate,,,796,796,bigram,automated_detection
1174,lost within,a lost within | lost's within | the lost within | lost within | lost withins,deep | way | shadow | echo | maze,CRITICAL,"Extremely overused phrase appearing 796 times in dataset. Creates predictable, generic lyrics.",miss | misplace | befuddled | disoriented | confused | inside,,,796,796,bigram,automated_detection
1175,chasing shadow,a chasing shadow | chasing shadows | the chasing shadow | chasing shadow | chasing's shadow,like | lost | mind | dream | light,CRITICAL,"Extremely overused phrase appearing 795 times in dataset. Creates predictable, generic lyrics.",dog | trail | chase after | tag | chase | shade | shade off | trace,,,795,795,bigram,automated_detection
1176,stand alone,the stand alone | stand alones | stand's alone | stand alone | a stand alone,together | never | tall | ground,CRITICAL,"Extremely overused phrase appearing 791 times in dataset. Creates predictable, generic lyrics.",fend | remain firm | pedestal | endure | tie-up | unique | unequaled | entirely,,,791,791,bigram,automated_detection
1177,can't feel,can't feel | a can't feel | can't's feel | the can't feel | can't feels,free | way | right | everything | heart,CRITICAL,"Extremely overused phrase appearing 790 times in dataset. Creates predictable, generic lyrics.",flavor | palpate | find | feeling | spirit,,,790,790,bigram,automated_detection
1178,keep moving,keep moving | keep's moving | keep movings | the keep moving | a keep moving,,CRITICAL,"Extremely overused phrase appearing 782 times in dataset. Creates predictable, generic lyrics.",donjon | sustenance | go on | preserve | sustain | travel | run | incite,,,782,782,bigram,automated_detection
1179,another day,another daies | another day | a another day | the another day | another's day,brighter | every | one | night,CRITICAL,"Extremely overused phrase appearing 975 times in dataset. Creates predictable, generic lyrics.",some other | solar day | Day | Clarence Shepard Day Jr. | 24-hour interval | twenty-four hours,,,975,780,bigram,automated_detection
1180,like shadow,a like shadow | like's shadow | like shadow | the like shadow | like shadows,love | feeling | feel | light | chasing,CRITICAL,"Extremely overused phrase appearing 780 times in dataset. Creates predictable, generic lyrics.",alike | corresponding | the like | the likes of | care | shade | shade off | trace,,,780,780,bigram,automated_detection
1181,night every,night everies | night's every | night every | a night every | the night every,move | scar | touch | feel | light,CRITICAL,"Extremely overused phrase appearing 974 times in dataset. Creates predictable, generic lyrics.",Nox | Night | nighttime | dark,light | bright | sight | fight | right,,974,779.2,bigram,automated_detection
1182,hear call,hear call | hear's call | a hear call | the hear call | hear calls,voice | name,CRITICAL,"Extremely overused phrase appearing 777 times in dataset. Creates predictable, generic lyrics.",pick up | get a line | get word | take heed | find out | birdsong | ring | promise,,,777,777,bigram,automated_detection
1183,echo mind,a echo mind | echo minds | echo's mind | the echo mind | echo mind,laughter | lost | past | shadow,CRITICAL,"Extremely overused phrase appearing 776 times in dataset. Creates predictable, generic lyrics.",reverberation | ring | recall | repeat | Echo | idea | judgment | psyche,,,776,776,bigram,automated_detection
1184,walk away,walk's away | walk awaies | the walk away | walk away | a walk away,slip | fade | far | break,CRITICAL,"Extremely overused phrase appearing 968 times in dataset. Creates predictable, generic lyrics.",walk of life | base on balls | walkway | walking | paseo | forth | out | aside,,,968,774.4,bigram,automated_detection
1185,whoa-oh whoa-oh,whoa-oh whoa-ohs | whoa-oh's whoa-oh | whoa-oh whoa-oh | the whoa-oh whoa-oh | a whoa-oh whoa-oh,,CRITICAL,"Extremely overused phrase appearing 773 times in dataset. Creates predictable, generic lyrics.",,,,773,773,bigram,automated_detection
1186,hear voice,the hear voice | hear voices | hear voice | a hear voice | hear's voice,call,CRITICAL,"Extremely overused phrase appearing 771 times in dataset. Creates predictable, generic lyrics.",pick up | get a line | get word | take heed | find out | vocalization | vocalisation | articulation,,,771,771,bigram,automated_detection
1187,echo laughter,echo laughter | echo laughters | a echo laughter | echo's laughter | the echo laughter,lost | mind | past,CRITICAL,"Extremely overused phrase appearing 771 times in dataset. Creates predictable, generic lyrics.",reverberation | ring | recall | repeat | Echo | laugh,,,771,771,bigram,automated_detection
1207,every tear every,every's tear every | every tear every | the every tear every | a every tear every,move | scar | touch | feel | light,CRITICAL,"Extremely overused phrase appearing 514 times in dataset. Creates predictable, generic lyrics.",,,,514,771,trigram,automated_detection
1188,still feel,still feels | still feel | a still feel | the still feel | still's feel,can't | love | every | right | everything,CRITICAL,"Extremely overused phrase appearing 763 times in dataset. Creates predictable, generic lyrics.",nevertheless | tranquillize | relieve | calm down | stock-still | flavor | palpate | find,,,763,763,bigram,automated_detection
1189,brighter day,a brighter day | brighter's day | the brighter day | brighter daies | brighter day,every | one | another | night,CRITICAL,"Extremely overused phrase appearing 952 times in dataset. Creates predictable, generic lyrics.",bright | brilliant | smart | shining | shiny | solar day | Day | Clarence Shepard Day Jr.,,,952,761.6,bigram,automated_detection
1190,see world,the see world | see worlds | a see world | see's world | see world,can't | love | feel | light | face,CRITICAL,"Extremely overused phrase appearing 761 times in dataset. Creates predictable, generic lyrics.",insure | pick up | take in | find out | control | humans | humanity | worldwide,,,761,761,bigram,automated_detection
1191,feel beat,the feel beat | feel beats | feel beat | a feel beat | feel's beat,can't | love | every | right | everything,CRITICAL,"Extremely overused phrase appearing 760 times in dataset. Creates predictable, generic lyrics.",flavor | palpate | find | feeling | spirit | bushed | round | mystify,,,760,760,bigram,automated_detection
1208,every moment feel,every's moment feel | the every moment feel | every moment feel | a every moment feel,move | can't | scar | right | touch,CRITICAL,"Extremely overused phrase appearing 748 times in dataset. Creates predictable, generic lyrics.",,,,748,748,trigram,automated_detection
1192,light every,light everies | light's every | the light every | light every | a light every,move | neon | scar | touch | feel,CRITICAL,"Extremely overused phrase appearing 934 times in dataset. Creates predictable, generic lyrics.",idle | tripping | visible radiation | light source | light up,,,934,747.2,bigram,automated_detection
1193,night find,night's find | a night find | night find | night finds | the night find,can't | strength | way | feel | light,CRITICAL,"Extremely overused phrase appearing 931 times in dataset. Creates predictable, generic lyrics.",Nox | Night | nighttime | dark | find out | recover | rule | find oneself,light | bright | sight | fight | right,,931,744.8,bigram,automated_detection
1209,turn back time,turn back time | the turn back time | a turn back time | turn's back time,every | find | way | take | come,CRITICAL,"Extremely overused phrase appearing 733 times in dataset. Creates predictable, generic lyrics.",,,,733,733,trigram,automated_detection
1194,searching light,the searching light | searching light | a searching light | searching lights | searching's light,every | neon | find | city | morning,CRITICAL,"Extremely overused phrase appearing 899 times in dataset. Creates predictable, generic lyrics.",look for | probing | explore | inquisitory | search | idle | tripping | visible radiation,,,899,719.2,bigram,automated_detection
1195,dead night,dead nights | dead night | dead's night | a dead night | the dead night,every | find | feel | late | darkest,CRITICAL,"Extremely overused phrase appearing 875 times in dataset. Creates predictable, generic lyrics.",idle | bushed | utter | short | abruptly | Nox | Night | nighttime,light | bright | sight | fight | right,,875,700,bigram,automated_detection
1210,everything feel right,everything feel right | the everything feel right | a everything feel right | everything's feel right,can't | love | every | beat | still,CRITICAL,"Extremely overused phrase appearing 665 times in dataset. Creates predictable, generic lyrics.",,,,665,665,trigram,automated_detection
1211,every breath take,a every breath take | every's breath take | every breath take | the every breath take,move | scar | touch | feel | night,CRITICAL,"Extremely overused phrase appearing 657 times in dataset. Creates predictable, generic lyrics.",,,,657,657,trigram,automated_detection
1212,could turn back,could's turn back | could turn back | the could turn back | a could turn back,find | way | take | come | wish,CRITICAL,"Extremely overused phrase appearing 646 times in dataset. Creates predictable, generic lyrics.",,,,646,646,trigram,automated_detection
1196,fire burning,a fire burning | fire's burning | the fire burning | fire burning | fire burnings,bright,CRITICAL,"Extremely overused phrase appearing 807 times in dataset. Creates predictable, generic lyrics.",dismiss | send away | flack | can | fervor | cauterize | cauterise | combustion,desire | higher | wire | tire,,807,645.6,bigram,automated_detection
1197,shadow light,a shadow light | the shadow light | shadow lights | shadow's light | shadow light,every | neon | find | morning | searching,CRITICAL,"Extremely overused phrase appearing 777 times in dataset. Creates predictable, generic lyrics.",shade | shade off | trace | phantom | tincture | idle | tripping | visible radiation,,,777,621.6,bigram,automated_detection
1198,break away,break awaies | break away | break's away | the break away | a break away,free | can't | chain | fade | walk,CRITICAL,"Extremely overused phrase appearing 771 times in dataset. Creates predictable, generic lyrics.",get around | gaolbreak | let out | geological fault | break in | forth | out | aside,,,771,616.8,bigram,automated_detection
1213,mmm mmm mmm,a mmm mmm mmm | mmm's mmm mmm | mmm mmm mmm | the mmm mmm mmm,,CRITICAL,"Extremely overused phrase appearing 609 times in dataset. Creates predictable, generic lyrics.",,,,609,609,trigram,automated_detection
1214,never let go,a never let go | never's let go | never let go | the never let go,can't | love | letting | end | alone,CRITICAL,"Extremely overused phrase appearing 604 times in dataset. Creates predictable, generic lyrics.",,,,604,604,trigram,automated_detection
1215,ah ah ah,ah's ah ah | ah ah ah | a ah ah ah | the ah ah ah,,CRITICAL,"Extremely overused phrase appearing 567 times in dataset. Creates predictable, generic lyrics.",,,,567,567,trigram,automated_detection
1216,every step feel,every step feel | the every step feel | a every step feel | every's step feel,move | can't | scar | right | touch,CRITICAL,"Extremely overused phrase appearing 556 times in dataset. Creates predictable, generic lyrics.",,,,556,556,trigram,automated_detection
1199,day night,day's night | the day night | a day night | day nights | day night,every | another | find | feel | late,CRITICAL,"Extremely overused phrase appearing 826 times in dataset. Creates predictable, generic lyrics.",solar day | Day | Clarence Shepard Day Jr. | 24-hour interval | twenty-four hours | Nox | Night | nighttime,light | bright | sight | fight | right,,826,528.64,bigram,automated_detection
1217,every whisper every,the every whisper every | a every whisper every | every's whisper every | every whisper every,move | scar | touch | feel | light,CRITICAL,"Extremely overused phrase appearing 510 times in dataset. Creates predictable, generic lyrics.",,,,510,510,trigram,automated_detection
1218,way back home,the way back home | way's back home | way back home | a way back home,can't | find | take | lost | come,CRITICAL,"Extremely overused phrase appearing 502 times in dataset. Creates predictable, generic lyrics.",,,,502,502,trigram,automated_detection
1219,moment feel like,a moment feel like | moment's feel like | the moment feel like | moment feel like,can't | right | everything | heart | ghost,CRITICAL,"Extremely overused phrase appearing 502 times in dataset. Creates predictable, generic lyrics.",,,,502,502,trigram,automated_detection